歌曲名,艺术家,专辑名
Ridin Round(Explicit),Kali Uchis,Ridin Round (Explicit)
Young For You,GALA,Young For You
笑忘歌,五月天,后青春期的诗
浪子回头,茄子蛋,卡通人物
还好有你,品冠,还好有你
后来的我们,五月天,自传
Country Colors,The Country Dance Kings,Country Colors
阳光彩虹小白马,大张伟,人间精品
最伟大的作品,周老师,满怀希望
山丘,李宗盛,山丘
걱정말아요 그대 (你不要担心),野菊花 (들국화),들국화 (野菊花)
向往,李健,为你而来
向往,孙楠,向往
苦瓜,陈奕迅,Stranger Under My Skin
我的宝贝,范文夺,Mailman邮递员
我不想再把你错过 (好听女声版),听风人,我不想再把你错过
Weightless,Marconi Union,"The Ambient Zone Just Music Cafe, Vol. 4"
太傻,巫启贤,太傻（情歌回顾展）
太傻 (Live),金志文,蒙面唱将猜猜猜 第5期
僕が死のうと思ったのは (曾经我也想过一了百了),amazarashi,虚無病 (Kyomubyou)
That's Why (You Go Away) (1999 Digital Remaster),Michael Learns To Rock,Strange Foreign Beauty
We Go Down,Krewella,Get Wet (Japan Version)
Song From A Secret Garden,Secret Garden,Just The Two Of Us
Song of a Secret Garden,Kyan River,In The Stillness
我很想爱他,Twins,八十块环游世界
I Knew You Were Trouble,Taylor Swift,Red (Deluxe Edition)
I Knew You Were Trouble,MADILYN,"The Covers, Vol. 4"
问 (Live),梁静茹,单身必听情歌
问,简弘亦,歌曲合辑
原谅,刘瑞琦,头号粉丝
达尔文 (Live),陈奕迅、蔡健雅,热门华语222
失踪,林忆莲,
家乡,赵雷,吉姆餐厅
家乡（赵雷）remix,Caxey,
家乡(Live),赵雷,湘江音乐节
Look At Me,Alan Jackson,34 Number Ones
Way Back Into Love,Hugh Grant、Haley Bennett,Music and Lyrics (Music from and Inspired By the Motion Picture)
那就这样吧(Live),张一山,
那就这样吧,动力火车,再见我的爱人
Who Let The Dogs Out,Baha Men,Who Let The Dogs Out
PLANET,ラムジ,3ラムジ
心做し,GUMI、papiyon,EXIT TUNES PRESENTS GUMical from Megpoid
年少有为(Live),李荣浩,浙江卫视2019年中音乐盛典
アイロニ(カバー),majiko,Contrast
アイロニ,majiko,アイロニ
三国恋,Tank,Fighting！生存之道
晚婚(Live),李宗盛,既然青春留不住，还是做个大叔好 演唱会巡回影音纪录
世界が終わるまでは,WANDS,
探清水河,晓月老板,探清水河
That's The Way It Is,Daniel Lanois,The Music of Red Dead Redemption 2 (Original Soundtrack)
That's the Way It Is,Celine Dion,The Divas 2 (Explicit)
周大侠(Live),周杰伦,2007世界巡回演唱会
周大侠,周杰伦,2007世界巡回演唱会
Reach Out To The Truth (Live),平田志穂子、川村ゆみ、Lotus Juice,
Reach Out To The Truth,目黒将司,ネバー・モア -「ペルソナ4」輪廻転生-
约定(Live),陈奕迅,Eason Chan Duo Concert 2010
Right Here Waiting(Single Edit),Richard Marx,The Ultimate Love Songs Playlist
걱정말아요 그대,李笛,응답하라 1988 OST - Part.2
现在决定忘记,余恩[Melody Day],응답하라 1988 OST - 감독판 오리지날사운드트랙
소녀,吴赫,응답하라 1988 OST - 감독판 오리지날사운드트랙
혜화동 (혹은 쌍문동),朴宝蓝,응답하라 1988 OST - 감독판 오리지날사운드트랙
청춘,Kim Feel、金昌完,응답하라 1988 OST - Part.1
晴天,周杰伦,叶惠美
Ridin Round(Explicit),Kali Uchis,Ridin Round (Explicit)
浪子回头,茄子蛋,卡通人物
걱정말아요 그대 (你不要担心),野菊花 (들국화),들국화 (野菊花)
我的宝贝,范文夺,Mailman邮递员
Weightless,Marconi Union,"The Ambient Zone Just Music Cafe, Vol. 4"
太傻,巫启贤,太傻（情歌回顾展）
Littlething,Jimmy Eat World,Invented
短发,梁咏琪,老表，你好嘢！ 电视剧原声带
今宵多珍重,谭嘉仪,今宵多珍重
Song From A Secret Garden,Secret Garden,Just The Two Of Us
The End of the World,Skeeter Davis,Love Ballads of the Sixties
Little Bit of Rain,Fred Neil,Bleecker & MacDougal
我是如此相信,周杰伦,我是如此相信
像我这样的人 (Live),毛不易,明日之子 第8期
消愁 (Live),毛不易,明日之子 第7期
相依为命,陈小春,陈小春金碟铁盒珍藏系列
星语心愿 (电影原声版),张柏芝,张柏芝
Life's A Struggle,宋岳庭,Life's A Struggle
转眼,五月天,自传
敢爱敢做 (Live),林子祥,最爱接触演唱会2001
如烟,五月天,后青春期的诗
酒干倘卖无,苏芮,搭错车 电影原声大碟
知足 (Live),五月天,D.N.A LIVE! 五月天创造 小巨蛋演唱会创纪录音
突然好想你 (Live),五月天,十万人出头天LIVE
星空,五月天,第二人生（明日版）
伤心的人别听慢歌（贯彻快乐),五月天,步步 自选作品辑 the Best of 1999-2013
我不愿 让你一个人,五月天,第二人生（明日版）
干杯,五月天,第二人生（明日版）
刻在我心底的名字,五月天,刻在我心底的名字
拥抱,五月天,第一张创作专辑
知足,五月天,步步 自选作品辑 the Best of 1999-2013
倔强,五月天,步步 自选作品辑 the Best of 1999-2013
突然好想你,五月天,后青春期的诗
温柔,五月天,爱情万岁
后来的我们,五月天,自传
简单爱,周杰伦,范特西
爱在西元前,周杰伦,范特西
最长的电影,周杰伦,我很忙
你不是真正的快乐,五月天,后青春期的诗
Cry On My Shoulder,Deutschland sucht den Superstar,United
Whistle,Flo Rida,Wild Ones
Be What You Wanna Be,Darin,Darin
All About That Bass (Explicit),Meghan Trainor,Title (Explicit)
Hotel California (2013 Remaster),Eagles,Eagles Greatest Hits Vol. 2 (2013 Remaster)
特别的爱给特别的你,伍思凯,特别的爱给特别的你
风中有朵雨做的云,孟庭苇,风中有朵雨做的云
雨一直下,张宇,雨一直下
恋曲1990,罗大佑,影像之外的回响 滚石历年电影主题曲宝典
爱要怎么说出口,赵传,作品李宗盛
我只在乎你,邓丽君,邓丽君精选2
味道,辛晓琪,味道
听海,张惠妹,Bad Boy
原来你也在这里,刘若英,我的失败与伟大
我愿意,王菲,国语经典101
一路上有你,张学友,吻别
一生爱你千百回,梅艳芳,永远的…梅艳芳
今夜你会不会来(粤),黎明,我的感觉
今夜你会不会来 (国语),黎明,国语经典101
用心良苦,张宇,用心良苦
对你爱不完,郭富城,Ak-47
在他乡,水木年华,3
孤独患者,陈奕迅,?
吻别,张学友,吻别
Firework,Katy Perry,Clean Pop Hits
我可以,蔡旻佑,蔡旻佑首张创作专辑 19
有没有一首歌会让你想起我,周华健,忘忧草
左边,杨丞琳,遇上爱
My Soul,JULY,Time
Flower Dance,DJ OKAWARI,A Cup Of Coffee
月半小夜曲,李克勤,命运符号
当我遇上你,刘德华,The Melody Andy Vol.8
每天爱你多一些,张学友,情不禁- 张学友
爱与痛的边缘,王菲,讨好自己
沉默是金,张国荣,正东10 X 10 我至爱唱片-张国荣HOT SUMMER
只想一生跟你走,张学友,传奇 - 我与你
恰似你的温柔,邓丽君,邓丽君精选1
我很丑，可是我很温柔,赵传,10年朋友 6
雨蝶,李翊君,誓言谎言
讲不出再见,谭咏麟,梦幻的笑容
背叛情歌,动力火车,背叛情歌
无情的情书 (Live),张杰,我是歌手第二季 第7期
伤心太平洋,任贤齐,爱像太平洋
一笑而过,那英,我不是天使
千纸鹤,邰正宵,千纸鹤
一起走过的日子,刘德华,回家真好 新曲+精选
第一次,光良,第1次个人创作专辑
我不想说 (新编曲版),杨钰莹,SK杨钰莹
执着 (原版),田震,干杯，田震 (1995-2001 作品全集)
你是我心内的一首歌,王力宏、任家萱Selina,改变自己
可惜不是你,梁静茹,丝路
一千年以后,林俊杰,编号89757
唯一,王力宏,人海中遇见你 最佳婚礼歌曲精选
踏浪,徐怀钰,Love
我的心太乱,周传雄,我的心太乱
好心分手,卢巧音,赏味人间
我想有个家,潘美辰,是你
像风一样自由,许巍,在路上……
青苹果乐园,小虎队,凯旋88-91辉煌战绩
水手,郑智化,私房歌
羞答答的玫瑰静悄悄地开,孟庭苇,红花
夜夜夜夜,齐秦,丝路
拯救,孙楠,缘分的天空
天意,刘德华,天意
曾经的你,许巍,每一刻都是崭新的
一生有你,水木年华,青春正传
光阴的故事,罗大佑,原唱发烧-大约在冬季
宁夏,梁静茹,燕尾蝶
十七岁的雨季,林志颖,戏梦 新歌 • 精选
让我欢喜让我忧,周华健,让我欢喜让我忧
矜持,王菲,天空
他不爱我,莫文蔚,做自己
K歌之王 (国语),陈奕迅,反正是我
很爱很爱你,刘若英,很爱很爱你
一千个伤心的理由 (Live),张学友,张学友1987-1999经典演唱会全集-95友学友演唱会
只要有你,那英、孙楠,少年包青天 电视剧原声带
下沙,游鸿明,游式情歌1993-2006游鸿明经典全记录
有多少爱可以重来,迪克牛仔,别港
谢谢你的爱 (国语),刘德华,谢谢你的爱
曹操,林俊杰,曹操
童话,光良,童话 Fairy Tale
忘记你我做不到,张学友,忘记你我做不到
爱一个人好难,苏永康,爱一个人好难
千千阙歌,陈慧娴,永远是你的朋友
爱上一个不回家的人,林忆莲,我爱经典系列
过火,张信哲,宽容
今天,刘德华,真永远
梦醒时分,陈淑桦,跟你说 听你说
我知道你很难过,蔡依林,1019
忘情水,刘德华,忘情水
容易受伤的女人,王菲,Coming Home
那些花儿,朴树,我去2000年
风雨无阻,周华健,风雨无阻
独角戏,许茹芸,如果云知道
如果这都不算爱,张学友,学友 热
心如刀割,张学友,走过1999
我是一只小小鸟,赵传,精挑细选 精选辑
大地,BEYOND,正东 10 X 10 我至爱唱片 - BEYOND‘秘密警察’
爱,小虎队,凯旋88-91辉煌战绩
当爱已成往事,李宗盛、林忆莲,霸王别姬 电影原声带
如果没有你,莫文蔚,一个人去旅行-大泥音乐绘本
情非得已,庾澄庆,海啸
偏偏喜欢你,陈百强,偏偏喜欢你
白天不懂夜的黑,那英,白天不懂夜的黑
来生缘,刘德华,来生缘
花心,周华健,花心
为爱痴狂,刘若英,少女小渔刘若英的美丽与哀愁
黄昏,周传雄,transfer
喜欢你,BEYOND,正东 10 X 10 我至爱唱片 - BEYOND‘秘密警察’
真的爱你,BEYOND,BEYOND IV
爱如潮水,张信哲,心事
单身情歌,林志炫,单身情歌．超炫精选
痴心绝对,李圣杰,音乐十年李圣杰唯一精选
勇气,梁静茹,勇气
后来,刘若英,我等你
胆小鬼,梁咏琪,梁咏琪 同名专辑
再回首,姜育恒,往事回味精选Ⅰ
遇见,孙燕姿,The Moment
一场游戏一场梦,王杰,一场游戏一场梦
冰雨,刘德华,爱在刻骨铭心时
十年,陈奕迅,黑白灰
男人哭吧不是罪 (Live),刘德华,Wonderful World 2007香港演唱会
海阔天空,BEYOND,乐与怒
月亮惹的祸,张宇,月亮 太阳
红豆,王菲,唱游
光辉岁月,BEYOND,命运派对
突然的自我,伍佰 & China Blue,忘情1015精选辑
我们都是好孩子,王筝,我们都是好孩子
一直很安静,阿桑,寂寞在唱歌
我很想爱他,Twins,八十块环游世界
情书,张学友,友情歌 1995-2000世纪情歌金选
Good Time,Owl City、Carly Rae Jepsen,The Midsummer Station
当爱在靠近,刘若英,Love And The City
走在冷风中,刘思涵,拥抱你
趁早(2005版),张宇,男人的好 新歌+精选
曲终人散,张宇,奇迹 创世纪精选
一言难尽,张宇,一言难尽
我终于失去了你 (Live),李宗盛,理性与感性 作品音乐会
无间道(粤),梁朝伟、刘德华,风沙
别怕我伤心,张信哲,等待
Lydia,F.I.R.飞儿乐团,F.I.R.飞儿乐团
预谋,许佳慧,一拍两散
爱不爱我,零点乐队,永恒的起点
You Raise Me Up,Westlife,Mrs Brown's Boys: D'Original Motion Picture Soundtrack
Heal The World,Michael Jackson,Dangerous
Nothing's Gonna Change My Love For You (纯音乐),Westlife,歌曲合辑
My Love,Westlife,Pure... Love
Trouble Is a Friend,Lenka,Everything At Once
不搭,李荣浩,李荣浩
She,Groove Coverage,Greatest Hits
Take Me To Your Heart,Michael Learns To Rock,That's WhyYou Go Away
Innocence,Avril Lavigne,The Best Damn Thing (Expanded Edition) [Explicit]
Stronger(What Doesn't Kill You),Kelly Clarkson,Pure... Pop (Explicit)
Get Lucky,Daft Punk、Pharrell Williams、Nile Rodgers,Random Access Memories
Blurred Lines (feat. T.I. & Pharrell Williams),Robin Thicke,2014 GRAMMY® Nominees
Moves Like Jagger (Soul Seekerz Radio Edit),Maroon 5、Christina Aguilera,Moves Like Jagger (The Voice Performance)
天涯,任贤齐,为爱走天涯
不再犹豫,BEYOND,犹豫
忘情冷雨夜,张学友,祗愿一生爱一人-张学友
你的样子,罗大佑,光阴的故事 电视原声带
黑色柳丁,陶喆,黑色柳丁
Die Young,Kesha,Running Hits Summer Edition
The Show,Lenka,Everything At Once
Numb,Linkin Park,Greatest Hits
Nothin' On You,B.o.B,The Adventures Of Bobby Ray
黑色幽默,周杰伦,Jay
黑色幽默 (Live),周杰伦,Fantasy Show香港演唱会
你瞒我瞒,陈柏宇,Close Up
Melody,陶喆,黑色柳丁
"爱, 很简单",陶喆,Ultrasound 乐之路 1997-2003
爱我还是他,陶喆,太平盛世
你们 (Live),李宗盛,既然青春留不住，还是做个大叔好 演唱会巡回影音纪录
因为寂寞 (Live),李宗盛,既然青春留不住，还是做个大叔好 演唱会巡回影音纪录
忙与盲 (Live),李宗盛,既然青春留不住，还是做个大叔好 演唱会巡回影音纪录
生命中的精灵 (Live),李宗盛,既然青春留不住，还是做个大叔好 演唱会巡回影音纪录
你像个孩子 (Live),李宗盛,既然青春留不住，还是做个大叔好 演唱会巡回影音纪录
爱情有什么道理 (Live),李宗盛,既然青春留不住，还是做个大叔好 演唱会巡回影音纪录
阿宗三件事 (Live),李宗盛,既然青春留不住，还是做个大叔好 演唱会巡回影音纪录
一个人 (Live),李宗盛,既然青春留不住，还是做个大叔好 演唱会巡回影音纪录
我是真的爱你 (Live),李宗盛,既然青春留不住，还是做个大叔好 演唱会巡回影音纪录
因为单身的缘故 (Live),李宗盛,既然青春留不住，还是做个大叔好 演唱会巡回影音纪录
伤心地铁 (Live),李宗盛,既然青春留不住，还是做个大叔好 演唱会巡回影音纪录
梦醒时分 (Live),李宗盛,既然青春留不住，还是做个大叔好 演唱会巡回影音纪录
十二楼 (Live),李宗盛,既然青春留不住，还是做个大叔好 演唱会巡回影音纪录
凡人歌 (Live),李宗盛,既然青春留不住，还是做个大叔好 演唱会巡回影音纪录
让我欢喜让我忧 (Live),李宗盛,既然青春留不住，还是做个大叔好 演唱会巡回影音纪录
问 (Live),李宗盛,既然青春留不住，还是做个大叔好 演唱会巡回影音纪录
领悟 (Live),李宗盛,既然青春留不住，还是做个大叔好 演唱会巡回影音纪录
给自己的歌 (Live),李宗盛,既然青春留不住，还是做个大叔好 演唱会巡回影音纪录
晚婚 (Live),李宗盛,既然青春留不住，还是做个大叔好 演唱会巡回影音纪录
飘洋过海来看你 (Live),李宗盛,既然青春留不住，还是做个大叔好 演唱会巡回影音纪录
不必在乎我是谁 (Live),李宗盛,既然青春留不住，还是做个大叔好 演唱会巡回影音纪录
山丘 (Live),李宗盛,既然青春留不住，还是做个大叔好 演唱会巡回影音纪录
别怕我伤心 + 听见有人叫你宝贝 + 爱情少尉 + 爱如潮水 (Live),李宗盛,既然青春留不住，还是做个大叔好 演唱会巡回影音纪录
就是爱你,陶喆,太平盛世
小镇姑娘,陶喆,I'm OK
找自己,陶喆,I'm OK
旅行的意义 (Live),陈绮贞,花的姿态 演唱会经典实录
情人的眼泪 (Live),张学友,PRIVATE CORNER迷你音乐会
窃爱,周杰伦,哎呦，不错哦
那个男人,杨宗纬,原色
为你我受冷风吹,胡彦斌,太歌
闹够了没有,赖伟锋,写给年少回不去的爱
宝贝对不起,草蜢,宝丽金黄金时代精品典藏VOL2
失恋阵线联盟,草蜢,失恋阵线联盟
爱的代价,李宗盛,不舍
我是不是你最疼爱的人,潘越云,我是不是你最疼爱的人
梦醒时分,杨钰莹,我有一段情
走过咖啡屋,千百惠,走过咖啡屋
认真的雪,薛之谦,薛之谦
偏爱,张芸京,破天荒
孤单北半球,欧得洋,孤单北半球
祝你一路顺风,吴奇隆,霹雳暴风精选辑
我们的爱,F.I.R.飞儿乐团,F.I.R.飞儿乐团
The Saltwater Room (Album Version),Owl City,Ocean Eyes (Deluxe Version)
Everybody,Ingrid Michaelson,Everybody
风继续吹,张国荣,风继续吹
倩女幽魂,张国荣,Summer Romance 87
My Heart Will Go On,Céline Dion,Titanic (Original Motion Picture Soundtrack) [Anniversary Edition]
Lemon Tree,Fool's Garden,Dish of the Day
Because I Love You,Shakin' Stevens,Country Blues
Only Love,Trademark,#Love
How Deep Is Your Love,Bee Gees,The Ultimate Bee Gees
I Want It That Way,Backstreet Boys,NKOTBSB
That's Why (You Go Away) (1999 Digital Remaster),Michael Learns To Rock,Strange Foreign Beauty
Casablanca,Bertie Higgins,Casablanca
More Than I Can Say (Remastered LP Version),Leo Sayer,Living in a Fantasy
All out of Love (Live),Air Supply,100 Greatest Love Songs (Explicit)
Promises Don't Come Easy,Caron Nightingale,Remember the Words
Better Man,Robbie Williams,Sing When You're Winning (Explicit)
Without You,Mariah Carey,Music Box
Every Time I Close My Eyes,Babyface,Love Songs (Explicit)
See You Again (feat. Charlie Puth),Wiz Khalifa、Charlie Puth,Furious 7: Original Motion Picture Soundtrack (Explicit)
Thank You,Dido,Greatest Hits
One Love,Blue,The Platinum Collection
Because You Live,Jesse McCartney,The Princess Diaries 2: Royal Engagement
Wisemen,James Blunt,Wisemen
Always Come Back To Your Love,Samantha Mumba,Gotta Tell You
I Will Be Your Shelter,Rebecca Blaylock,TV Magic Ⅱ
Angel,Sarah McLachlan,Surfacing
Rhythm Of The Rain,The Cascades,One Hit Wonders - Vol. 1
Sailing,Rod Stewart,Atlantic Crossing
Lonely,Nana,Nana
止战之殇,周杰伦,七里香
Poker Face,Lady Gaga,The Fame
Just When I Needed You Most,Randy Vanwarmer,Just When I Needed You Most
Because of You,Kelly Clarkson,Pure... Voices
喜剧之王,李荣浩,李荣浩
I Believe I Can Fly,R. Kelly,Black's Beautiful
因为爱所以爱,谢霆锋,了解
青花瓷,周杰伦,我很忙
Beautiful In White,Shane Filan,Love Always
Best Of Me,Daniel Powter,Under The Radar
Night Changes,One Direction,FOUR
Just the Way You Are,Bruno Mars,Doo-Wops & Hooligans (Deluxe Version)
时光,许巍,时光·漫步
Radioactive,Imagine Dragons,Empowering Kids
I Knew You Were Trouble,Taylor Swift,Red (Deluxe Edition)
I Knew You Were Trouble,MADILYN,"The Covers, Vol. 4"
"Say You,Say Me",Lionel Richie,白金情歌
Bad Romance,Lady Gaga,The Fame Monster (International Deluxe)
Blurred Lines,Robin Thicke、T.I.、Pharrell Williams,NOW That's What I Call Music! 48
Animals,Maroon 5,Kinder Pool Party
The Lazy Song,Bruno Mars,Smash Hits No.1s
We Go Down,Krewella,Get Wet (Japan Version)
离开,MC Hotdog、张震岳,贫民百万歌星
死一样的痛过(女声翻唱版),V.A.,最新热歌慢摇13 
爱情,莫文蔚,我要说I Say
Titanium,David Guetta、Sia,Nothing But The Beat
Right Now(Na Na Na),Akon,Freedom
Love The Way You Lie (Part II),Rihanna、Eminem,Loud (Japan Version)
I Just Wanna Run,The Downtown Fiction,Best I Never Had
Baby,Justin Bieber、Ludacris,My World 2.0
谢谢侬,陈奕迅,Special Thanks To…
The Final Game,Jerry Goldsmith,Rudy (Original Motion Picture Soundtrack)
你听得到 (Live),周杰伦,周杰伦 2004 无与伦比 演唱会 Live CD
如果你也听说,张惠妹,Star
How Far We've Come,Matchbox Twenty,How Far We've Come
Can't Stop Love,Darin,Can't Stop Love
U Make Me Wanna,Blue,One Love
I Hate Myself For Loving You,Joan Jett,Love Sucks
浪人情歌,伍佰 & China Blue,浪人情歌
追梦人,凤飞飞,凤飞飞 百万金曲 心肝宝贝
Mockingbird,Eminem,Mockingbird
Not Afraid,Eminem,Not Afraid
Uptown Funk,Mark Ronson、Bruno Mars,Uptown Special (Explicit)
Numb Encore,Dr. Dre,Dretox: DJ Exclusive Mixtape
Apologize,Timbaland、OneRepublic,Dreaming Out Loud
Best Day Of My Life,American Authors,Best Day Of My Life
南山南,马頔,孤岛
Here With You,Asher Monroe,Here With You
Glad You Came,The Wanted,Battleground
旅行的意义,陈绮贞,华丽的冒险
Coming Home,Dash Berlin、Bo Bruce,Big Room (Explicit)
Pretty Boy,M2M,The Day You Went Away The Best Of M2M
The Sound of Silence,Simon & Garfunkel,Sampler
我的天空,南征北战NZBZ,青春派 电影原声带
岁月神偷 (Live),金玟岐,金玟岐·专场
无悔这一生,BEYOND,BEYOND真的见证[超越时代纪念版]
唐伯虎点秋香,过江龙,唐伯虎点秋香
突然想起你,萧亚轩,萧亚轩 同名专辑
为了你，为了我,BEYOND,最动听的...Beyond
出卖,周传雄,transfer
风往北吹,孙楠,南极光
落花流水,陈奕迅,Life Continues
情人,BEYOND,乐与怒
我怀念的,孙燕姿,逆光
天后,陈势安,再爱一遍‧天后
What Are Words,Chris Medina,What Are Words
最冷一天,陈奕迅,Reimagine Leslie Cheung
演员,薛之谦,初学者
手写的从前,周杰伦,哎呦，不错哦
可爱女人,周杰伦,Jay
Young For You,GALA,Young For You
让一切随风,钟镇涛,听涛
Wake Me Up When September Ends,Green Day,巧克力-Chocolato (靡音阁音乐采编系列之六)
21 Guns,Green Day,21st Century Breakdown
风继续吹 (Live),张国荣,张国荣'88演唱会
梦带我旅行,高进,江山
晴天,周杰伦,叶惠美
TiK ToK,Kesha,Pure... Fitness
Moves Like Jagger (Studio Recording from),Maroon 5,Hands All Over(Deluxe Edition)
I Could Be The One (LP版),Donna Lewis,Blue Planet
圣诞结,陈奕迅,七
外婆,周杰伦,七里香
The Sound of Silence,Paul Simon,The Paul Simon Songbook
可乐,赵紫骅,可乐
夏天的风,温岚,温式效应
我可以抱你吗,张惠妹,我可以抱你吗？爱人
Won't Go Home Without You,Maroon 5,It Won't Be Soon Before Long (Deluxe Repack International)
末班车 (Live),信,我是歌手第四季 第6期: 踢馆赛
阴天快乐,陈奕迅,rice & shine
Five Hundred Miles,Justin Timberlake,歌曲合辑
New York,Baptiste Giabiconi,Oxygen
SexyBack,Justin Timberlake、Timbaland,Pure... Pop (Explicit)
Free Loop,Daniel Powter,Daniel Powter
Eenie Meenie,Justin Bieber、Sean Kingston,My Worlds - The Collection
You're Beautiful,James Blunt,Promo Only Mainstream Radio January 2006
Traveling Light,Joel Hanson,Traveling Light
热带雨林 (Live),S.H.E,爱而为一 演唱会影音馆
In My Secret Life,Leonard Cohen,Live In London
Boom Clap (From the Motion Picture Das Schicksal ist ein mieser Verräter),Charli XCX,The Fault In Our Stars (Music From the Motion Picture)
The Phoenix,Fall Out Boy,Save Rock And Roll (Explicit)
Workingman's Blues #2,Bob Dylan,Modern Times
一路向北 (Live),周杰伦,周杰伦魔天伦世界巡回演唱会
It's So Easy (1977),Linda Ronstadt,The Very Best of Linda Ronstadt
无赖,郑中基,Before After
单车,陈奕迅,Shall We Dance? Shall We Talk!
老街,李荣浩,小黄
It Never Rains In Southern California,Barry Manilow,It Never Rains In Southern California
下雨天,南拳妈妈,优の良曲 南搞小孩
小幸运,田馥甄,我的少女时代 电影原声带
当爱已成往事,张国荣,戏魅
终于等到你,张靓颖,第七感
断点,张敬轩,我的梦想我的路
放生,范逸臣,不说出的温柔
California Dreaming,The Mamas & The Papas,Live and Alternative Songs
Sealed with a Kiss,Jason Donovan,Noches De Baladas
"Quizas, Quizas, Quizas",Nat King Cole,Boleros Con Pasión
Yumeji's Theme(Theme from 'in the Mood for Love'),梅林茂,Yumeji's Theme (Original Motion Picture Soundtrack)
Ça ira,Joyce Jonathan,Caractère
倒带,蔡依林,城堡
让泪化作相思雨,南合文斗,混了31年
恋爱大过天,Twins,爱情当入樽
其实都没有,杨宗纬,初。爱
听见下雨的声音,魏如昀,听见下雨的声音 电影原声带
Croatian Rhapsody,Maksim Mrvica,The Piano Player
钟无艳,谢安琪,最好的时刻 2006-2012
七友,梁汉文,四季
Unity,TheFatRat,Unity
喜帖街,谢安琪,Binary
阳光宅男 (Live),周杰伦,The Era 2010 超时代演唱会
最后的战役 (Live),周杰伦,周杰伦魔天伦世界巡回演唱会
上海一九四三 (Live),周杰伦,The One演唱会
瓦解 (Live),周杰伦,周杰伦 2004 无与伦比 演唱会 Live CD
西厢,后弦,古·玩
撕夜,阿杜,天黑
Love The Way You Lie (Clean),Eminem、Rihanna,Love The Way You Lie
蜗牛 (Live),周杰伦,范特西PLUS
爱笑的眼睛,徐若瑄,狠狠爱
爷爷泡的茶 (Live),周杰伦,周杰伦地表最强世界巡回演唱会
为你写诗,吴克群,为你写诗
七月七日晴,许慧欣,美丽的爱情
伤痕(Live),林忆莲,记得忆莲盛放Post Sandy Lam Live 96
男人花,黄勇,男人花
告白气球,周杰伦,周杰伦的床边故事
阴天,莫文蔚,You Can
我是不是该安静的走开 (国语),郭富城,城城完全精选
我,张国荣,"Miss You Much, Leslie"
童年,罗大佑,童年 蓝天 橄榄树
童年 (Live),纵贯线,精彩音乐汇
她来听我的演唱会,张学友,走过1999
我是真的爱上你,王杰,爱与梦
小城大事 (Live),杨千嬅,古舞飞杨 (大马演唱会纪念精选特辑)
小城大事 (Live),张学友,活出生命Live演唱会 (Live)
心太软,任贤齐,心太软
我们不该这样的,张赫宣,Freedom
理想三旬,陈鸿宇,浓烟下的诗歌电台
为你我受冷风吹,林忆莲,"Love,Sandy"
向天再借五百年,韩磊,帝王之声
不再联系,夏天Alex,分手信
男孩别哭,海龟先生,海龟先生
Try,Colbie Caillat,Gypsy Heart
七月上,Jam,阿敬的单曲集
Counting Stars,OneRepublic,Native (Deluxe Version)
开始懂了,孙燕姿,我要的幸福
雨天,孙燕姿,孙燕姿经典全纪录 主打精华版
Faded,Alan Walker,Different World
我要你,任素汐,我要你
有何不可,许嵩,自定义
一生中最爱 (Live),陈奕迅,Third Encounter Live
以父之名 (Live),周杰伦,周杰伦地表最强世界巡回演唱会
We Can't Stop,Miley Cyrus,Bangerz (Deluxe Version)
Wild Wild Web,John The Whistler,It's Crazy
Love Me Like You Do,Ellie Goulding,Love Me Like You Do (From ""Fifty Shades of Grey"")
Walk Away,Dia Frampton,2013 The Hottest
死性不改 (独唱版),Boy'z,精挑细选
一生所爱,卢冠廷,Movie to Music
你看不到的天空,蔡旻佑,寂寞，好了
思念是一种病 (Live),张震岳、MC HotDog,中国新说唱2019 第10期
菊次郎的夏天,K.Williams,The Golden Piano
悟空 (Live),戴荃,中国好歌曲第二季 第5期
火车叨位去,周杰伦,八度空间
忍者 (Live),周杰伦,The One演唱会
安静 (Live),周杰伦,The One演唱会
斗牛 (Live),周杰伦,The One演唱会
分裂 (Live),周杰伦,The One演唱会
可以了,陈奕迅,rice & shine
友情岁月,陈小春,古惑仔 最强精选集 电影原声带
陪你度过漫长岁月 (""陪安东尼度过漫长岁月""电影主题曲),陈奕迅,陪你度过漫长岁月 (""陪安东尼度过漫长岁月""电影主题曲)
八号风球 (第26届台湾金曲奖颁奖典礼现场版),陈奕迅,歌曲合辑
你的眼睛背叛你的心,郑中基,左右为难
都是你的错,陈慧琳、郑中基,恋爱情色
星晴 + 回到过去 + 最后的战役 + 爱我别走 (Live),周杰伦,周杰伦 2004 无与伦比 演唱会 Live CD
园游会 (Live),周杰伦,周杰伦 2004 无与伦比 演唱会 Live CD
时光机 (Live),周杰伦,The Era 2010 超时代演唱会
小小 (2013魔天伦2世界巡迴演唱会香港站),周杰伦、容祖儿,歌曲合辑
那女孩对我说,黄义达,专属密码
Go Time,Mark Petrie,Go Time
The Mass (Album Version),Era,The Mass
问 (Live),梁静茹,单身必听情歌
闷,王菲,王菲
会呼吸的痛,梁静茹,崇拜
Almost Lover,A Fine Frenzy,Almost Lover
Fade,Alan Walker,Fade
凡人歌 (Live),张震岳、MC HotDog、黄旭、GAI周延,中国有嘻哈 第9期
鬼迷心窍 (Live),李宗盛,既然青春留不住，还是做个大叔好 演唱会巡回影音纪录
退后 (Live),周杰伦,2007世界巡回演唱会
太傻 (粤语),巫启贤,Denon Mastersonic
梦一场,萧敬腾,爱的时刻自选辑
爱我的人和我爱的人,迪克牛仔,咆哮2002
Going Home,Kenny G,The Essential Kenny G 3.0
爱情转移,陈奕迅,认了吧
爱就爱了,陈琳,爱就爱了
Yesterday Once More,Carpenters,歌曲合辑
你到底有没有爱过我,蓝波,你到底有没有爱过我
最长的电影 (Live),周杰伦,2007世界巡回演唱会
追梦赤子心,GALA,追梦痴子心
我绝对不能失去你,GALA,我绝对不能失去你
花香,许绍洋,薰衣草 电视原声带
Come,Jain,Hope
California,Grimes,Art Angels
"Me, Myself & I",G-Eazy、Bebe Rexha,So Fresh: Summer Hits 2016
红色高跟鞋,蔡健雅,若你碰到他
I Want U,Alison Wonderland,Stereosonic Festival Anthems 2014
献世 (Live),周杰伦,霍元甲
一路上有你 + 分手总要在雨天 (Live),周杰伦,Fantasy Show香港演唱会
Gotta Have You,The Weepies、Deb Talan、Steve Tannen,Say I Am You
啷个哩个啷,鹏泊,啷个哩个啷
Too Far,Anna F.,DNA (EP) [Explicit]
永远永远,李翊君,风云 电视剧原声带
Je m'appelle Hélène,Hélène Rollès,2006顶级车载音乐
We Don't Talk Anymore,Charlie Puth,Nine Track Mind (Deluxe)
ドリーミージャーニー,the peggies,ドリーミージャーニー
Creep,Radiohead,Pablo Honey
Always Getting Over You,Angela Ammons,世界上最动听的歌超级天籁系列合集 上
You Belong To Me,Jason Wade,Shrek (Soundtrack from the Motion Picture)
Seasons in the Sun,Westlife,Westlife
方式,郭经纬,默认专辑
借口,周杰伦,七里香
安和桥,宋冬野,安和桥北
Schnappi,Schnappi,Schnappi Und Seine Freunde
凉城,任然,后继者
最后一首情歌,苏琛,好说好散
夜空中最亮的星,逃跑计划,世界
浪漫手机,周杰伦,十一月的萧邦
再见 再见,逃跑计划,世界
以后的以后,庄心妍,以后的以后
Es rappelt im Karton,Pixie Paris,Es rappelt im Karton
Something Just Like This,The Chainsmokers、Coldplay,Memories...Do Not Open
你好陌生人,任然,禁猎社 同名专辑
Unbelievable,Owl City、Hanson,Unbelievable
Chain Hang Low (Album Version),Jibbs,Jibbs feat. Jibbs
窗外,李琛,窗外
爱江山更爱美人,李丽芬,就这样约定
心要让你听见,邰正宵,一千零一夜
越长大越孤单,牛奶咖啡,越长大越孤单
我不难过,孙燕姿,未完成
一个像夏天一个像秋天,范玮琪,我们的纪念日
If You Want Me,Glen Hansard、Markéta Irglová,Once (Music from the Motion Picture)
鲨啦啦,鹏泊,鲨啦啦
慢热,鹏泊,慢热
Look At Me Now,Charlie Puth,Ego
不会改变,谢天笑,幻觉
私奔,郑钧,长安长安
活着,郝云,活着
Need You Now,Lady Antebellum,Now That's What I Call Feel Good
Let Her Go,Passenger,"Bravo Hits, Vol. 81"
可不可以不勇敢,范玮琪,真善美
Rolling In The Deep,Adele,Rolling In The Deep
梦中的婚礼 (钢琴曲),Richard Clayderman,理查德.克莱德曼钢琴曲精选
The Moon Represents My Heart,Kenny G,Love Ballads
逝去日子,BEYOND,BEYOND IV
夜曲,周杰伦,十一月的萧邦
One For Da Money,Overground,It's Done!
千千阙歌(Live),张国荣,张国荣告别乐坛演唱会
Tassel,Cymophane,Dulcet Series spring special collection
玩具,岛屿心情,纷纭
记事本,陈慧琳,音乐记事本
相见恨晚,彭佳慧,美声荣耀
没有你的旅途 没有意义,新裤子,生命因你而火热
星语心愿,张柏芝,张柏芝
Summer Vibe,Walk off the Earth,Summer Vibe
阴天,莫文蔚,就 i Karen 莫文蔚精选
我知道你很难过,蔡依林,Together
有一点动心,张信哲,永恒金曲-影音典藏精选
涛声依旧,毛宁,请让我的情感留在你身边
九月九的酒,陈少华,天上人间
步步高,李绍继,好歌30年Ⅱ
少年锦时,赵雷,吉姆餐厅
非正常励志歌,齐一,这个年纪
He's A Pirate,David Garrett,Unlimited - Greatest Hits
亲爱的，那不是爱情,张韶涵,Ang 5.0
不将就,李荣浩,有理想
战争,陈冠希,
逝年,夏小虎,逝年
这个年纪,齐一,这个年纪
从前慢 (Live),刘胡轶,随心
无条件 (Live 2015),陈奕迅,无条件唱陈奕迅
难道说,大飞,R&B
Sky,龙井说唱,龙井说唱
感谢,龙井说唱,龙井说唱
原谅,刘瑞琦,头号粉丝
当你孤单你会想起谁,张栋梁,首选
我恨我痴心,刘德华,经典重现
赤裸裸 (摇滚版),郑钧,赤裸裸
天气这么热 (Live),张学友,音乐之旅Live演唱会
历历万乡,陈粒,如也
女儿情,万晓利,你在红楼 我在西游
勇,杨千嬅,千嬅盛放
相依为命,陈小春,十年选
娜娜,狄奥尼索斯,娜娜
盛夏的果实 (Live),莫文蔚,回蔚莫文蔚巡回演唱会@台北小巨蛋
Summer Vibe (Pegato Remix),Pegato、Walk Off the Earth,Summer Vibe (Pegato Remix)
One More Night,Maroon 5,Singles (Explicit)
Scarborough Fair,Sarah Brightman,La Luna
Up All Night,Charlie Puth,Nine Track Mind (Special Edition)
It's Ok,DJ Maxwell,最新热歌慢摇69
SARVAR,ABV,苏荷酒吧
小刀会序曲,林友声,侠客行
太委屈,何伶,爵色红伶 DSD
富士山下(Live),陈奕迅,DUO 陈奕迅2010演唱会
Don't Wanna Know/We Don't Talk Anymore,Sam Tsui、Alex Blue,Sam Tsui Covers Vol.4
达尔文 (Live),陈奕迅、蔡健雅,热门华语222
The Apl Song (Album Version),The Black Eyed Peas,Elephunk
Celebration,Madonna,Celebration
Me and You,Lucky Twice,Young & Clever
父亲写的散文诗 (时光版),许飞,父亲写的散文诗
Lone Ranger,Rachel Platten,Fight Song
3,Britney Spears,3
男孩 (Live),梁博,歌手 第10期
I Am You,Kim Taylor,I Am You
第三人称,hush！,X
致姗姗来迟的你,阿肆、林宥嘉,我愚蠢的理想主义
Sketch Plane,Cam Kelley,Sincere Sarcasm
All out of Love,Sara Lov,All out of Love
If,丁可,Island
不找了,郭旭,不找了
Look What You Made Me Do,Taylor Swift,reputation
太早,刘允乐,允乐
Amani,BEYOND,Beyond The Stage
不能说的秘密,周杰伦,不能说的秘密 电影原声带
答应不爱你,郑中基,仙剑奇侠传三 电视剧原声带
房间,刘瑞琦,私房歌
百八円の恋,クリープハイプ,一つになれないなら、せめて二つだけでいよう
等你下课(with 杨瑞代),周杰伦,等你下课
遥不可及的你,花粥,2017 (一)
骗自己PT.2,AY楊佬叁、Noor-99,骗自己
再度重相逢 (“双面对决” Live),伍佰 & China Blue,伍佰 & China Blue 双面对决演唱会全纪录 (“双面对决” Live)
感谢你曾来过 (Live),周思涵,歌曲合辑
给自己的歌,李宗盛,南下专线
家乡,赵雷,吉姆餐厅
狂浪生,一棵小葱、李宗南,狂浪生
风的季节,Soler,Canto
不如不见,陈奕迅,What's Going On...? (Remastered 2019)
一丝不挂,陈奕迅,Time Flies
葡萄成熟时,陈奕迅,U 87
苦瓜,陈奕迅,Stranger Under My Skin
失忆蝴蝶,陈奕迅,The Key
红玫瑰,陈奕迅,认了吧
最佳损友,陈奕迅,Life Continues
富士山下,陈奕迅,What's Going On...? (Remastered 2019)
The Power Of Love,Céline Dion,In Love
无尽空虚,BEYOND,无尽空虚
堆积情感,邝美云,精装歌集
Dreams,The Cranberries,"Everybody Else Is Doing It, So Why Can't We? (Super Deluxe)"
梦中人,王菲,胡思乱想
可惜我是水瓶座,杨千嬅,Miriam's Music Box
谁明浪子心,王杰,谁明浪子心
冰冻的女人,邝美云,宝丽金劲爆跳舞街
内疚,陈奕迅,?
Dear John,比莉,傻瓜就是我
If I Die Young,The Band Perry,The Band Perry
如果我变成回忆,Tank,第三回合
爱的故事上集,孙耀威,爱的故事(上集)
Look At Me,Alan Jackson,34 Number Ones
Way Back Into Love,Hugh Grant、Haley Bennett,Music and Lyrics (Music from and Inspired By the Motion Picture)
那就这样吧,动力火车,再见我的爱人
往后余生,马艮,往后余生
Loving Strangers,Jocelyn Pook,Habitación En Roma
Skin,Rag'n'Bone Man,Human (Deluxe)
听不到,五月天,双响炮 热恋歌 电视原声带
光年之外,G.E.M.邓紫棋,光年之外
Who Let The Dogs Out,Baha Men,Who Let The Dogs Out
Soledad,Westlife,Coast To Coast (Expanded Edition)
恋曲1980,罗大佑,滚石金曲(一)
你的微笑,F.I.R.飞儿乐团,F.I.R.飞儿乐团
忽然之间,莫文蔚,就是 莫文蔚
再见 你好,金玟岐,歌曲合辑
醒着醉,马良,醒着醉
可不可以,张紫豪,可不可以
去年夏天,王大毛,去年夏天
陷阱,王北车,陷阱
那些你很冒险的梦,林俊杰,学不会
你要的全拿走,胡彦斌,覅忒好
喜帖街(Live),陈奕迅,Eason Chan Duo Concert 2010
瞎子(贵州话),尧十三,热门华语28
煞科,郑秀文,Ladies First
记得,张惠妹,真实
A Little Love,冯曦妤,A Little Love
给自己的情书,王菲,寓言
你，好不好(Live),周兴哲,潮音战纪 第2期
遇,ai.mini,爱100 春天的味道
朋友,谭咏麟,暴风女神LORELEI
再见亦是泪,谭咏麟,爱的盛筵（粤语纪念版）
约定(Live),张学友,活出生命Live演唱会 (Live)
寂寞难耐,李宗盛,生命中的精灵
想把我唱给你听,老狼、王婧,北京的冬天
爱我的人和我爱的人,裘海正,裘海正全盛时期(1992-1996)精选集
你怎么舍得我难过,黄品源,男配角心声
情人知己,叶倩文,红尘
僕が死のうと思ったのは,中島美嘉,Boku Ga Shinou To Omottanowa
PLANET,ラムジ,3ラムジ
爱丫爱丫,By2,16未成年
心做し,GUMI、papiyon,EXIT TUNES PRESENTS GUMical from Megpoid
不要说话,陈奕迅,MOOV Music 1
年少有为,李荣浩,上一首情歌 (国语精选)
アイロニ(カバー),majiko,Contrast
遥远的你(正式版),221小伙伴,遥远的你
三国恋,Tank,Fighting！生存之道
晚婚(Live),李宗盛,既然青春留不住，还是做个大叔好 演唱会巡回影音纪录
世界が終わるまでは,WANDS,
绿色,陈雪凝,绿色
听见有人叫你宝贝,李宗盛,爱情论
探清水河,晓月老板,探清水河
That's The Way It Is,Daniel Lanois,The Music of Red Dead Redemption 2 (Original Soundtrack)
周大侠(Live),周杰伦,2007世界巡回演唱会
Never More,目黒将司,「ペルソナ4」オリジナル・サウンドトラック
Reach Out To The Truth,目黒将司,ネバー・モア -「ペルソナ4」輪廻転生-
王妃,萧敬腾,王妃
约定(Live),陈奕迅,Eason Chan Duo Concert 2010
Right Here Waiting(Single Edit),Richard Marx,The Ultimate Love Songs Playlist
걱정말아요 그대,李笛,응답하라 1988 OST - Part.2
청춘,Kim Feel、金昌完,응답하라 1988 OST - Part.1
我怀念的,孙燕姿,逆光
开始懂了,孙燕姿,我要的幸福
遇见,孙燕姿,这一刻
绿光,孙燕姿,My Story，Your Song 经典全记录
逆光,孙燕姿,逆光
余额,孙燕姿,余额
"Tonight, I Feel Close To You",孙燕姿、倉木麻衣,这一刻
绿光(Remastered),孙燕姿,风筝
我不难过,孙燕姿,未完成
温柔 #MaydayBlue20th,五月天、孙燕姿,温柔 #MaydayBlue20th
遇见(Live),孙燕姿,“用奋斗点亮幸福”抖音2020江苏卫视跨年演唱会
尚好的青春,孙燕姿,克卜勒
第一天,孙燕姿,完美的一天
站起来,成龙、王力宏、孙燕姿、韩红,北京2008年奥运会歌曲专辑
今晚我感觉离你很近,倉木麻衣、孙燕姿,Wish You The Best
眼泪成诗,孙燕姿,完美的一天
天黑黑,孙燕姿,孙燕姿 同名专辑
Honey Honey,孙燕姿,完美的一天
Hey Jude,孙燕姿,Start 自选集
我也很想他,孙燕姿,2her
半句再见,孙燕姿,半句再见
遇见(央视星光璀璨中国巨星演唱会),孙燕姿,
克卜勒,孙燕姿,克卜勒
雨天,孙燕姿,My Story，Your Song 经典全记录
咕叽咕叽,孙燕姿,逆光
当冬夜渐暖,孙燕姿,是时候
愚人的国度,孙燕姿,是时候
遇见(纯音乐),孙燕姿,
爱情证书,孙燕姿,孙燕姿 同名专辑
在，也不见,孙燕姿,在，也不见
无限大,孙燕姿,克卜勒
原来你什么都不要,孙燕姿,Start 自选集
开始懂了(Live),孙燕姿,Start世界巡回演唱会
感动每一刻,林俊杰、孙燕姿、蔡健雅、阿杜,感动每一刻
不是真的爱我,孙燕姿,My Story，Your Song 经典全记录
我只在乎你 (现场版),那英、孙燕姿、郑秀文,
遇见 (2016江苏卫视跨年演唱会),孙燕姿,
木兰情,孙燕姿,花木兰 电影原声带
隐形人,孙燕姿,完美的一天
180度,孙燕姿,是时候
温柔(Live),五月天、孙燕姿,
绿光 (2015-2016江苏卫视跨年演唱会),孙燕姿,
点燃激情 传递梦想,王力宏、孙燕姿、汪峰、张靓颖,北京2008年奥运会歌曲专辑
奔,孙燕姿,Stefanie
逃亡,孙燕姿,My Story，Your Song 经典全记录
超快感,孙燕姿,孙燕姿 同名专辑
Hey Jude(单曲),孙燕姿,被遗忘的时光 西洋篇1 爱是唯一
我要的幸福,孙燕姿,我要的幸福
Stay With You (英文版),林俊杰、孙燕姿,Stay With You (英文版)
直来直往,孙燕姿,离开
风衣,孙燕姿,孙燕姿 No.13 作品：跳舞的梵谷
遇见 (Live Versoin),林俊杰、孙燕姿,
神奇,孙燕姿,未完成
雨还是不停地落下,孙燕姿,克卜勒
第一天(Live),孙燕姿,“用奋斗点亮幸福”抖音2020江苏卫视跨年演唱会
Venus,孙燕姿,Start 自选集
一路上有你,孙燕姿,
"Tonight, I feel close to you (with 孫 燕姿<Yan-Zi>)",倉木麻衣、孙燕姿,If I Believe
Yellow,孙燕姿,
感动每一刻,孙燕姿、林俊杰、蔡健雅、阿杜,世博会倒计时一周年纪念歌曲
橄榄树,孙燕姿,这一刻
彩虹金刚,孙燕姿,彩虹金刚
风筝,孙燕姿,孙燕姿经典全纪录 主打精华版
胆小鬼,孙燕姿,
漩涡,孙燕姿,逆光
"在,也不见",孙燕姿,失恋点唱机
同类,孙燕姿,Stefanie
天黑黑,郑秀文、孙燕姿,903拉阔演唱会2001
天使的指纹,孙燕姿,克卜勒
任性,孙燕姿,2her
掌声响起来,孙燕姿,
坏天气,孙燕姿,我要的幸福
飘着,孙燕姿,逆光
错觉,孙燕姿,克卜勒
守护永恒的爱,孙燕姿,守护永恒的爱
年轻无极限,孙燕姿,未完成
时光小偷,孙燕姿,是时候
我的爱,孙燕姿,Stefanie
累赘,孙燕姿,我要的幸福
Venus 维纳斯 ,孙燕姿,被遗忘的时光 西洋篇 2 爱是力量
Stay with you(Live),林俊杰、周杰伦、孙燕姿、陶喆、五月天,
追,孙燕姿,是时候
一样的夏天,孙燕姿,My Story，Your Song 经典全记录
休止符,孙燕姿,未完成
奔(Live),孙燕姿,《明日之子》水晶时代 第一期
慢慢来,孙燕姿,Stefanie
渴,孙燕姿,克卜勒
绿光(Live),孙燕姿,Start世界巡回演唱会
遇见(石头剪子布),孙燕姿,
流浪地图,孙燕姿,完美的一天
相信,孙燕姿,我要的幸福
安宁,孙燕姿,逆光
跳舞的梵谷,孙燕姿,孙燕姿 No.13 作品：跳舞的梵谷
同类 (抢听版),孙燕姿,Stefanie
有一点动心 (Live),陈奕迅、孙燕姿,
不能和你一起,孙燕姿,这一刻
金曲串烧【合成】,孙燕姿、陈奕迅、Beyond、李克勤,
王子面,五月天、孙燕姿,时光机
比较幸福,孙燕姿,克卜勒
我怀念的(2020线上音乐会2.0现场片段),孙燕姿,
完美的一天,孙燕姿,完美的一天
极美,孙燕姿,孙燕姿 No.13 作品：跳舞的梵谷
天空,孙燕姿,Start 自选集
"Tonight,I feel close to you",孙燕姿、倉木麻衣,The Moment
原点,孙燕姿,Marry Me
简爱,孙燕姿、ShiGGa Shay,简爱
需要你,孙燕姿,逆光
"My Story,Your Song",孙燕姿、倉木麻衣,未完成
Sometimes Love Just Ain't Enough,孙燕姿,谈情说爱
一起走过,孙燕姿,Stories
银泰,孙燕姿,克卜勒
随堂测验,孙燕姿,My Story，Your Song 经典全记录
天黑黑(原唱 mp3.1),孙燕姿,
随堂测验(Live),孙燕姿,Start世界巡回演唱会
练习,孙燕姿,My Story，Your Song 经典全记录
另一张脸,孙燕姿,完美的一天
爱从零开始,孙燕姿,离开
关于,孙燕姿,逆光
你的背包,孙燕姿,
这个世界,孙燕姿,彩虹金刚
围绕,孙燕姿,克卜勒
Our Memory,孙燕姿,My Story，Your Song 经典全记录
爱情的花样,孙燕姿,逆光
天黑黑(纯音乐),孙燕姿,
难得一见,孙燕姿,我要的幸福
未完成,孙燕姿,未完成
我不爱,孙燕姿,孙燕姿经典全纪录 主打精华版
Silent All These Years,孙燕姿,孙燕姿经典全纪录 主打精华版
Stefanie,孙燕姿,My Story，Your Song 经典全记录
反过来走走,孙燕姿,Stefanie
懂事,孙燕姿,离开
听见,孙燕姿,Stefanie
天黑黑(CD Version),孙燕姿,2000台北万人演唱会
她们的歌,孙燕姿、张惠妹,2her
点燃激情 传递梦想(四人版),王力宏、孙燕姿、汪峰、张靓颖,北京2008年奥运会歌曲专辑
我很愉快,孙燕姿,孙燕姿 No.13 作品：跳舞的梵谷
星期一天气晴我!,孙燕姿,"My Story,Your Song 经典全纪录"
古灵精怪,孙燕姿,
接下来,孙燕姿,未完成
乘着风,孙燕姿,
天越亮，夜越黑,孙燕姿,孙燕姿 No.13 作品：跳舞的梵谷
我只在乎你(CCTV音乐频道),那英、郑秀文、孙燕姿,CCTV音乐频道
风筝(Remastered),孙燕姿,风筝
世说心语,孙燕姿,是时候
逆光(2020出道20周年线上演唱会片段),孙燕姿,
第六感,孙燕姿,My Story，Your Song 经典全记录
孙燕姿(逆光),kennyzane,
逆光(Live),孙燕姿,“反正都精彩”浙江卫视年中盛典
逆光+我怀念的(Live),孙燕姿,
一起走过(英文版),孙燕姿,My August 9th - 50 Wonderful Years
神奇(Live),孙燕姿、马嘉、张小晴、严莉严玲,我想和你唱第二季 第1期
奔 (抢听版),孙燕姿,Stefanie
害怕,孙燕姿,我要的幸福
Leave,孙燕姿,My Story，Your Song 经典全记录
和平,孙燕姿,孙燕姿 同名专辑
不能说的秘密+遇见+黑色幽默(Live),周杰伦、孙燕姿,
孙燕姿,主播四川传媒,音乐故事会
天天年年,孙燕姿,孙燕姿 No.13 作品：跳舞的梵谷
绿光(变奏版),孙燕姿,
漂浮群岛,孙燕姿,孙燕姿 No.13 作品：跳舞的梵谷
终于,孙燕姿,孙燕姿 同名专辑
随堂测验(先听版),孙燕姿,风筝
相信(Live),孙燕姿,2000台北万人演唱会
爱情证书Love Document,孙燕姿,
闹铃,孙燕姿,
梦想天空,孙燕姿,My Story，Your Song 经典全记录
一起走到,孙燕姿,Leave
我也很想他 (抢听版),孙燕姿,Stefanie
祝你开心,孙燕姿,Stefanie
遇见 (2003华纳十周年演唱会),孙燕姿,
天使的指纹(CCTV音乐频道),孙燕姿,CCTV音乐频道
从不说话,孙燕姿,
眼泪成诗 (Live),孙燕姿,
Sweet Child o' Mine,孙燕姿,彩虹金刚
很好,孙燕姿,这一刻
梦游,孙燕姿,逆光
太阳树下,孙燕姿,"My Story,Your Song 经典全纪录"
Kepler,孙燕姿,最爱华语K歌
遇见(Extended Mix),孙燕姿、Dj小佳,
明天晴天,孙燕姿,完美的一天
零缺点,孙燕姿,我要的幸福
原点,孙燕姿、蔡健雅,双栖动物
天越亮，夜越黑(Live),孙燕姿、sis_NoNo洪一诺,《明日之子》水晶时代 第十期
点燃激情 传递梦想 (国),孙燕姿、王力宏,北京2008年奥运会歌曲专辑
志明与春娇(Live),孙燕姿,
The Moment(Live),孙燕姿,2010垦丁半岛音乐嘉年华
Silent All These Years(Live),孙燕姿,Start世界巡回演唱会
Outro,孙燕姿,逆光
没时间,孙燕姿,Start 自选集
就是这样,孙燕姿,My Story，Your Song 经典全记录
on the road(demo2),孙燕姿,我要的幸福
超人类,孙燕姿,孙燕姿 No.13 作品：跳舞的梵谷
晴天,周杰伦,叶惠美
青花瓷,周杰伦,我很忙
稻香,周杰伦,魔杰座
给我一首歌的时间,周杰伦,魔杰座
夜曲,周杰伦,十一月的萧邦
七里香,周杰伦,七里香
花海,周杰伦,魔杰座
告白气球,周杰伦,周杰伦的床边故事
一路向北,周杰伦,J III MP3 Player
霍元甲,周杰伦,霍元甲
明明就,周杰伦,十二新作
兰亭序,周杰伦,魔杰座
我是如此相信,周杰伦,我是如此相信
听妈妈的话,周杰伦,依然范特西
以父之名,周杰伦,叶惠美
蒲公英的约定,周杰伦,我很忙
搁浅,周杰伦,七里香
简单爱,周杰伦,范特西
稻香,周杰伦、林俊杰,
夜的第七章,周杰伦、潘儿,依然范特西
青花瓷(DJ版),周杰伦,
发如雪,周杰伦,十一月的萧邦
给我一首歌的时间(DJ版片段),周杰伦,
等你下课(with 杨瑞代),周杰伦,等你下课
烟花易冷,周杰伦,跨时代
东风破,周杰伦,叶惠美
反方向的钟,周杰伦,Jay
枫,周杰伦,十一月的萧邦
周大侠,周杰伦,2007世界巡回演唱会
半岛铁盒,周杰伦,八度空间
给我一首歌的时间(Live),周杰伦、蔡依林,
安静,周杰伦,范特西
布拉格广场,蔡依林、周杰伦,看我72变
珊瑚海,周杰伦、梁心颐,十一月的萧邦
晴天(Live),周杰伦,周杰伦地表最强世界巡回演唱会
爱在西元前,周杰伦,范特西
默(Live),李荣浩、周杰伦,2021中国好声音 第1期
说好的幸福呢,周杰伦,魔杰座
说好不哭 (with 五月天阿信),周杰伦,说好不哭 (with 五月天阿信)
不能说的秘密,周杰伦,不能说的秘密 电影原声带
沧海一声笑(Live),那英、周杰伦、刘欢、陈奕迅,中国新歌声第二季 第1期
给我一首歌的时间(3D环绕版),周杰伦,
甜甜的,周杰伦,我很忙
最长的电影,周杰伦,我很忙
稻香(Demo),周杰伦,
本草纲目,周杰伦,依然范特西
屋顶,周杰伦、温岚,K情歌10
轨迹,周杰伦,寻找周杰伦
断了的弦,周杰伦,寻找周杰伦
退后,周杰伦,依然范特西
千里之外,周杰伦、费玉清,依然范特西
红尘客栈,周杰伦,十二新作
园游会,周杰伦,七里香
菊花台,周杰伦,依然范特西
Mojito,周杰伦,Mojito
告白气球(Live),周杰伦、LOKEY低调组合,中国新歌声 第14期 国庆演唱会
借口,周杰伦,七里香
彩虹,周杰伦,我很忙
龙卷风,周杰伦,Jay
星晴,周杰伦,Jay
暗号,周杰伦,八度空间
我不配,周杰伦,我很忙
爱的飞行日记,周杰伦、杨瑞代,跨时代
明明就(Live),周杰伦,周杰伦魔天伦世界巡回演唱会
黑色毛衣,周杰伦,十一月的萧邦
算什么男人,周杰伦,哎呦，不错哦
千山万水,周杰伦,北京2008年奥运会歌曲专辑
开不了口,周杰伦,范特西
回到过去,周杰伦,八度空间
说了再见,周杰伦,跨时代
止战之殇,周杰伦,七里香
手写的从前,周杰伦,哎呦，不错哦
可爱女人,周杰伦,Jay
稻香(3D环绕版),周杰伦,
黑色幽默,周杰伦,Jay
我落泪情绪零碎,周杰伦,跨时代
阳光宅男,周杰伦,我很忙
一路向北(Live),周杰伦,周杰伦魔天伦世界巡回演唱会
爷爷泡的茶,周杰伦,八度空间
米兰的小铁匠,周杰伦,八度空间
一点点,周杰伦,周杰伦的床边故事
不该 (with aMEI),周杰伦,周杰伦的床边故事
双截棍,周杰伦,范特西
大笨钟,周杰伦,十二新作
半兽人,周杰伦,八度空间
飘移,周杰伦,十一月的萧邦
威廉古堡,周杰伦,范特西
爱情废柴,周杰伦,周杰伦的床边故事
天涯过客,周杰伦,哎呦，不错哦
你听得到,周杰伦,叶惠美
雨下一整晚,周杰伦,跨时代
牛仔很忙,周杰伦,我很忙
夜曲(钢琴版),周杰伦,
外婆,周杰伦,七里香
以父之名(Live),周杰伦,周杰伦地表最强世界巡回演唱会
白色风车,周杰伦,依然范特西
最后的战役,周杰伦,八度空间
她的睫毛,周杰伦,叶惠美
龙拳,周杰伦,八度空间
忍者,周杰伦,范特西
迷迭香,周杰伦,依然范特西
美人鱼,周杰伦,哎呦，不错哦
花海(huahai),周杰伦,
上海一九四三,周杰伦,范特西
对不起,周杰伦,范特西
浪漫手机,周杰伦,十一月的萧邦
世界末日(Live),周杰伦,范特西PLUS
三年二班,周杰伦,叶惠美
夜曲(Live),周杰伦,2007世界巡回演唱会
心雨,周杰伦,依然范特西
听妈妈的话(2008 05 11 02-15-57),周杰伦,
不该,周杰伦、张惠妹,
夜的第七章,周杰伦,依然范特西
听见下雨的声音,周杰伦,哎呦，不错哦
不爱我就拉倒,周杰伦,不爱我就拉倒
将军,周杰伦,七里香
超人不会飞,周杰伦,跨时代
四面楚歌,周杰伦、林迈可,十一月的萧邦
默(2015中国好声音第四季第1期),周杰伦,
稻香(2020致敬白衣天使公益云演唱会),周杰伦、林俊杰,
蜗牛(Live),周杰伦,范特西PLUS
红模仿,周杰伦,依然范特西
火车叨位去,周杰伦,八度空间
爸，我回来了,周杰伦,范特西
青花瓷 (纯音乐),周杰伦,
哪里都是你,周杰伦,十二新作
告白气球(3D环绕版),周杰伦,
麦芽糖,周杰伦,十一月的萧邦
印第安老斑鸠,周杰伦,Jay
骑士精神,蔡依林、周杰伦,看我72变
听爸爸的话,周杰伦,哎呦，不错哦
床边故事,周杰伦,周杰伦的床边故事
简单爱(Live),陈奕迅、周杰伦,2015江苏卫视新年演唱会
鞋子特大号,周杰伦,哎呦，不错哦
告白气球(Live),周杰伦,周杰伦地表最强世界巡回演唱会
黄金甲,周杰伦,黄金甲
我的地盘,周杰伦,七里香
Mine Mine,周杰伦,惊叹号
康定情歌(Live),宋祖英、周杰伦、周华健,
乌克丽丽,周杰伦,十二新作
乱舞春秋,周杰伦,七里香
前世情人,周杰伦,周杰伦的床边故事
听妈妈的话(Live),周杰伦、潘玮柏、张学友,2007世界巡回演唱会
搁浅(Live),周杰伦,周杰伦 2004 无与伦比 演唱会 Live CD
好久不见,周杰伦,跨时代
龙战骑士,周杰伦,魔杰座
你比从前快乐(Live),周杰伦,范特西PLUS
爱情悬崖,周杰伦,叶惠美
霍元甲(Live),周杰伦,2007世界巡回演唱会
蒲公英的约定(Live),周杰伦,2007世界巡回演唱会
分裂,周杰伦,八度空间
公公偏头痛,周杰伦,十二新作
逆鳞,周杰伦,十一月的萧邦
给我一首歌的时间 (DJ小键版),周杰伦,
斗牛,周杰伦,Jay
傻笑,周杰伦、袁咏琳,十二新作
怎么了,周杰伦、袁咏琳,哎呦，不错哦
说走就走,周杰伦,周杰伦的床边故事
梯田,周杰伦,叶惠美
倒带(Live),周杰伦,周杰伦 2004 无与伦比 演唱会 Live CD
英雄,周杰伦,英雄
手语,周杰伦,十二新作
时光机,周杰伦,魔杰座
淘汰(Live),陈奕迅、周杰伦,2015江苏卫视新年演唱会
乔克叔叔,周杰伦,魔杰座
梦想启动,周杰伦,十二新作
Mojito(2021春节联欢晚会现场),周杰伦,
蓝色风暴,周杰伦,十一月的萧邦
最长的电影(Live),周杰伦,2007世界巡回演唱会
花海(DJ版),周杰伦,
娘子,周杰伦,Jay
爱你没差,周杰伦,十二新作
海盗,蔡依林、周杰伦,玻璃情缘 (对唱篇) Vol.One
红尘客栈,王俊凯、周杰伦,
霍元甲(2009鸟巢音乐会现场),周杰伦,
伊斯坦堡,周杰伦,Jay
你好吗,周杰伦,惊叹号
跨时代,周杰伦,跨时代
不能说的秘密(Live),周杰伦,周杰伦魔天伦世界巡回演唱会
双刀,周杰伦,叶惠美
困兽之斗,周杰伦,七里香
晴天 (2017周杰伦地表最强演唱会台北站),周杰伦、林俊杰,空
手写的从前(Live),周杰伦,2015江苏卫视新年演唱会
公主病,周杰伦,惊叹号
Now You See Me,周杰伦,周杰伦的床边故事
一口气全念对,周杰伦,哎呦，不错哦
刀马旦,CoCo李玟、周杰伦,爱舞炫 盛装舞曲精选
爱在西元前(Live),周杰伦,The One演唱会
四季列车,周杰伦,十二新作
东风破(Live),周杰伦,The Era 2010 超时代演唱会
完美主义,周杰伦,Jay
土耳其冰淇淋,周杰伦,周杰伦的床边故事
甜甜的(Live),周杰伦,2007世界巡回演唱会
同一种调调,周杰伦,叶惠美
退后(Live),周杰伦,2007世界巡回演唱会
Stay with You(2020致敬白衣天使公益云演唱会),周杰伦、林俊杰,
青花瓷(Live),周杰伦,台北小巨蛋音乐会
半岛铁盒(Live),周杰伦,周杰伦地表最强世界巡回演唱会
自导自演,周杰伦,跨时代
无双,周杰伦,我很忙
兰亭序 (2011央视春晚),周杰伦、林志玲,
超跑女神,周杰伦,惊叹号
懦夫,周杰伦,叶惠美
稻香(片段),周杰伦,
花海 (纯音乐),周杰伦,
扯,周杰伦,我很忙
给我一首歌的时间 (2010超时代世界巡回演唱会),周杰伦,
蒲公英的约定(加长版),周杰伦,
蛇舞,周杰伦、梁心颐,魔杰座
窃爱,周杰伦,哎呦，不错哦
爱我别走(Live),周杰伦,
简单爱(Live),周杰伦,周杰伦 2004 无与伦比 演唱会 Live CD
One Last Time+珊瑚海(Jian remix),Ariana Grande、周杰伦、Lara梁心颐,
我要夏天,周杰伦、杨瑞代,哎呦，不错哦
千里之外(Live),费玉清、周杰伦,中国新歌声 第7期
兰亭序(网友自制),周杰伦,
你怎么说+红尘客栈+千里之外(演唱会版),周杰伦、邓丽君,
蜗牛,周杰伦,
琴伤,周杰伦,惊叹号
牛仔很忙(Live),周杰伦,2007世界巡回演唱会
魔术先生,周杰伦,魔杰座
阳明山,周杰伦,哎呦，不错哦
Try,派伟俊、周杰伦,Try
枫(Live),周杰伦,
园游会(Live),周杰伦,周杰伦 2004 无与伦比 演唱会 Live CD
夜的第七章 (Demo),周杰伦,
流浪诗人,周杰伦、杨瑞代,魔杰座
迷魂曲,周杰伦,惊叹号
双截棍(DJ版),周杰伦,
世界未末日,周杰伦,惊叹号
借口(Live),周杰伦,周杰伦 2004 无与伦比 演唱会 Live CD
我不配(Live),周杰伦,The Era 2010 超时代演唱会
暗号(Live),周杰伦,The One演唱会
本草纲目(Live),周杰伦,2007世界巡回演唱会
惊叹号,周杰伦,惊叹号
皮影戏,周杰伦,惊叹号
祝我生日快乐,温岚、周杰伦,
瓦解(Live),周杰伦,周杰伦 2004 无与伦比 演唱会 Live CD
夜曲(mp3.2),周杰伦,
四面楚歌,周杰伦,十一月的萧邦
你是我的OK绷,浪花兄弟、周杰伦,浪花兄弟
水手怕水,周杰伦,惊叹号
不能说的秘密 (自白版),周杰伦,
断了的弦(Live),周杰伦,周杰伦 2004 无与伦比 演唱会 Live CD
霍元甲(片段),周杰伦,
听妈妈的话 (纯音乐),周杰伦,
安静(Live),周杰伦,The One演唱会
爱的飞行日记(Live),周杰伦、杨瑞代,The Era 2010 超时代演唱会
倔强(Live),周杰伦、五月天,
说好不哭(Live),五月天、周杰伦,
七里香(Live),周杰伦,第五届百事音乐风云榜
晴天 (纯音乐),周杰伦,
康定情歌,宋祖英、周杰伦、周华健,台北小巨蛋音乐会
反方向的钟(Live),周杰伦,
Dare For More(2004百事广告曲),周杰伦、F4、蔡依林,百事音乐风云榜
疗伤烧肉粽,周杰伦,惊叹号
千里之外(Live),周杰伦、费玉清,2007世界巡回演唱会
无双(Live),周杰伦,2007世界巡回演唱会
献世(Live),周杰伦,霍元甲
嘻哈空姐,周杰伦,跨时代
彩虹 + 轨迹(Live),周杰伦,周杰伦魔天伦世界巡回演唱会
发如雪(最新作品 高潮版),周杰伦,
比较大的大提琴,周杰伦、梁心颐、杨瑞代,十二新作
稻香 (纯音乐),周杰伦,
aHUOz,周杰伦、Mizuki[日本],
爷爷泡的茶(Live),周杰伦,周杰伦地表最强世界巡回演唱会
菊花台(CCTV音乐频道),周杰伦,
霍元甲(霍霍那段),周杰伦,
画沙,周杰伦、袁咏琳,袁咏琳 Cindy
你怎么连话都说不清楚(Live),周杰伦,The One演唱会
周杰伦,枫,
告白气球(精彩音乐汇),周杰伦,
止战之殇(Live),周杰伦,周杰伦 2004 无与伦比 演唱会 Live CD
让我一次爱个够 + 因为爱所以爱 + 抚仙湖 + 等你下课 + 霍元甲 + 万里长城永不倒(Live),周杰伦、谢霆锋、李健、庾澄庆,2018中国好声音 第1期
算什么男人(Live),周杰伦、羽田,中国新歌声 第14期 国庆演唱会
免费教学录影带,周杰伦,跨时代
白色风车(Live),周杰伦,2007世界巡回演唱会
千里之外(电台版),周杰伦,歌声飘过30年——第五场·信息时代歌曲风格的形成
回到过去(Live),周杰伦,The One演唱会
双节棍,周杰伦,2013年江苏卫视跨年演唱会
飘移 (自白版),周杰伦,
我要夏天 (with派伟俊),周杰伦,周杰伦地表最强世界巡回演唱会
彩虹 (自白版),周杰伦,
龙拳(Live),周杰伦,周杰伦魔天伦世界巡回演唱会
黑色毛衣(2006超级歌会无锡站),周杰伦,
路小雨,周杰伦,不能说的秘密 电影原声带
烟花易冷 (2010天天向上现场),周杰伦,
菊花台(周杰伦钢琴演奏),周杰伦,黄金甲
只有为你 + 安静 + 不管有多苦 + 满 + 我要夏天(Live),那英、汪峰、庾澄庆、周杰伦,中国新歌声 第1期
美人鱼(Live),周杰伦,周杰伦地表最强世界巡回演唱会
你听得到(Live),周杰伦,周杰伦 2004 无与伦比 演唱会 Live CD
本草纲目 (春晚 现场),宋祖英、周杰伦,
开不了口+勇(剧场版),周杰伦、杨千嬅,
青花瓷(春晚现场和明星慈善夜现场),周杰伦,
雨下一整晚(Live),周杰伦,The Era 2010 超时代演唱会
给我一首歌的时间 (DJ小贱版),周杰伦,
蜗牛+七里香,周杰伦,MTV ASIA AID(MTV 声援南亚慈善纪念特辑)(台湾限量版)
稻香(搞笑版),周杰伦,
星晴(Live),周杰伦,The One演唱会
青花瓷（二胡）,周杰伦,
霍元甲(对唱版),周杰伦,
土耳其进行曲,周杰伦、李云迪,最脍炙人口的古典音乐100首
周杰伦,傲艺,周杰伦
听妈妈的话(片段),周杰伦,
夜曲 (纯音乐),周杰伦,
稻香(Live),周杰伦,
天地一斗,周杰伦、Kobe Bryant,乐酷‧概念合辑
本草纲目 + 烦恼游戏(Remix),周杰伦、Reol,
你是我的OK绷(Live),周杰伦、浪花兄弟,The Era 2010 超时代演唱会
周大侠(Live),周杰伦,2007世界巡回演唱会
最后的战役(Live),周杰伦,周杰伦魔天伦世界巡回演唱会
英雄(Live),周杰伦,周杰伦地表最强世界巡回演唱会
轨迹(Live),周杰伦,2018中国好声音 中秋演唱会
七里香 (剧场版),周杰伦,
脚踏车,周杰伦,不能说的秘密 电影原声带
外婆(Live),周杰伦,周杰伦 2004 无与伦比 演唱会 Live CD
听妈妈的话 (DJ彭鹏版),周杰伦,
夜曲 + 窃爱(Live),周杰伦,周杰伦地表最强世界巡回演唱会
王妃(中国风版Live),周杰伦,
夏天的风(2019嘉年华世界巡回演唱会上海站片段),周杰伦,
给我一首歌的时间 (2010超时代世界巡回演唱会),蔡依林、周杰伦,
霍元甲(玩腻了-),周杰伦,
双截棍(Demo),周杰伦,J III MP3 Player
珊瑚海(Live),周杰伦、梁心颐,
她的睫毛(Live),周杰伦,周杰伦 2004 无与伦比 演唱会 Live CD
千里之外,周杰伦、阿莱,
一路向北 (2015魔天伦南昌演唱会),周杰伦,
大笨钟 + 暗号 + 彩虹 + 龙卷风(Live),周杰伦,周杰伦地表最强世界巡回演唱会
梯田＋爸，我回来了(Live),周杰伦,周杰伦 2004 无与伦比 演唱会 Live CD
夜的第七章(女声合唱版),周杰伦、王蓝茵,
蒲公英的约定(Live),周杰伦,2007世界巡回演唱会
霍元甲(Live),周杰伦,2007世界巡回演唱会
爱情悬崖,周杰伦,叶惠美
你比从前快乐(Live),周杰伦,范特西PLUS
龙战骑士,周杰伦,魔杰座
好久不见,周杰伦,跨时代
搁浅(Live),周杰伦,周杰伦 2004 无与伦比 演唱会 Live CD
听妈妈的话(Live),周杰伦、潘玮柏、张学友,2007世界巡回演唱会
前世情人,周杰伦,周杰伦的床边故事
乱舞春秋,周杰伦,七里香
乌克丽丽,周杰伦,十二新作
康定情歌(Live),宋祖英、周杰伦、周华健,
Mine Mine,周杰伦,惊叹号
我的地盘,周杰伦,七里香
黄金甲,周杰伦,黄金甲
告白气球(Live),周杰伦,周杰伦地表最强世界巡回演唱会
鞋子特大号,周杰伦,哎呦，不错哦
简单爱(Live),陈奕迅、周杰伦,2015江苏卫视新年演唱会
床边故事,周杰伦,周杰伦的床边故事
听爸爸的话,周杰伦,哎呦，不错哦
骑士精神,蔡依林、周杰伦,看我72变
印第安老斑鸠,周杰伦,Jay
麦芽糖,周杰伦,十一月的萧邦
告白气球(3D环绕版),周杰伦,
哪里都是你,周杰伦,十二新作
青花瓷 (纯音乐),周杰伦,
爸，我回来了,周杰伦,范特西
火车叨位去,周杰伦,八度空间
红模仿,周杰伦,依然范特西
蜗牛(Live),周杰伦,范特西PLUS
稻香(2020致敬白衣天使公益云演唱会),周杰伦、林俊杰,
默(2015中国好声音第四季第1期),周杰伦,
四面楚歌,周杰伦、林迈可,十一月的萧邦
超人不会飞,周杰伦,跨时代
将军,周杰伦,七里香
不爱我就拉倒,周杰伦,不爱我就拉倒
听见下雨的声音,周杰伦,哎呦，不错哦
夜的第七章,周杰伦,依然范特西
不该,周杰伦、张惠妹,
听妈妈的话(2008 05 11 02-15-57),周杰伦,
心雨,周杰伦,依然范特西
夜曲(Live),周杰伦,2007世界巡回演唱会
三年二班,周杰伦,叶惠美
世界末日(Live),周杰伦,范特西PLUS
浪漫手机,周杰伦,十一月的萧邦
对不起,周杰伦,范特西
上海一九四三,周杰伦,范特西
花海(huahai),周杰伦,
美人鱼,周杰伦,哎呦，不错哦
迷迭香,周杰伦,依然范特西
忍者,周杰伦,范特西
龙拳,周杰伦,八度空间
她的睫毛,周杰伦,叶惠美
最后的战役,周杰伦,八度空间
白色风车,周杰伦,依然范特西
以父之名(Live),周杰伦,周杰伦地表最强世界巡回演唱会
外婆,周杰伦,七里香
夜曲(钢琴版),周杰伦,
牛仔很忙,周杰伦,我很忙
雨下一整晚,周杰伦,跨时代
你听得到,周杰伦,叶惠美
天涯过客,周杰伦,哎呦，不错哦
爱情废柴,周杰伦,周杰伦的床边故事
威廉古堡,周杰伦,范特西
飘移,周杰伦,十一月的萧邦
半兽人,周杰伦,八度空间
大笨钟,周杰伦,十二新作
双截棍,周杰伦,范特西
不该 (with aMEI),周杰伦,周杰伦的床边故事
一点点,周杰伦,周杰伦的床边故事
米兰的小铁匠,周杰伦,八度空间
爷爷泡的茶,周杰伦,八度空间
一路向北(Live),周杰伦,周杰伦魔天伦世界巡回演唱会
阳光宅男,周杰伦,我很忙
我落泪情绪零碎,周杰伦,跨时代
黑色幽默,周杰伦,Jay
稻香(3D环绕版),周杰伦,
可爱女人,周杰伦,Jay
手写的从前,周杰伦,哎呦，不错哦
止战之殇,周杰伦,七里香
说了再见,周杰伦,跨时代
回到过去,周杰伦,八度空间
开不了口,周杰伦,范特西
千山万水,周杰伦,北京2008年奥运会歌曲专辑
算什么男人,周杰伦,哎呦，不错哦
黑色毛衣,周杰伦,十一月的萧邦
明明就(Live),周杰伦,周杰伦魔天伦世界巡回演唱会
爱的飞行日记,周杰伦、杨瑞代,跨时代
我不配,周杰伦,我很忙
暗号,周杰伦,八度空间
给我一首歌的时间(Live),周杰伦、蔡依林,
安静,周杰伦,范特西
布拉格广场,蔡依林、周杰伦,看我72变
珊瑚海,周杰伦、梁心颐,十一月的萧邦
晴天(Live),周杰伦,周杰伦地表最强世界巡回演唱会
爱在西元前,周杰伦,范特西
默(Live),李荣浩、周杰伦,2021中国好声音 第1期
说好的幸福呢,周杰伦,魔杰座
说好不哭 (with 五月天阿信),周杰伦,说好不哭 (with 五月天阿信)
不能说的秘密,周杰伦,不能说的秘密 电影原声带
沧海一声笑(Live),那英、周杰伦、刘欢、陈奕迅,中国新歌声第二季 第1期
给我一首歌的时间(3D环绕版),周杰伦,
甜甜的,周杰伦,我很忙
最长的电影,周杰伦,我很忙
稻香(Demo),周杰伦,
本草纲目,周杰伦,依然范特西
屋顶,周杰伦、温岚,K情歌10
轨迹,周杰伦,寻找周杰伦
断了的弦,周杰伦,寻找周杰伦
退后,周杰伦,依然范特西
千里之外,周杰伦、费玉清,依然范特西
红尘客栈,周杰伦,十二新作
园游会,周杰伦,七里香
菊花台,周杰伦,依然范特西
Mojito,周杰伦,Mojito
告白气球(Live),周杰伦、LOKEY低调组合,中国新歌声 第14期 国庆演唱会
借口,周杰伦,七里香
彩虹,周杰伦,我很忙
龙卷风,周杰伦,Jay
星晴,周杰伦,Jay
半岛铁盒,周杰伦,八度空间
周大侠,周杰伦,2007世界巡回演唱会
枫,周杰伦,十一月的萧邦
反方向的钟,周杰伦,Jay
东风破,周杰伦,叶惠美
烟花易冷,周杰伦,跨时代
等你下课(with 杨瑞代),周杰伦,等你下课
给我一首歌的时间(DJ版片段),周杰伦,
发如雪,周杰伦,十一月的萧邦
青花瓷(DJ版),周杰伦,
夜的第七章,周杰伦、潘儿,依然范特西
稻香,周杰伦、林俊杰,
简单爱,周杰伦,范特西
搁浅,周杰伦,七里香
蒲公英的约定,周杰伦,我很忙
以父之名,周杰伦,叶惠美
听妈妈的话,周杰伦,依然范特西
我是如此相信,周杰伦,我是如此相信
兰亭序,周杰伦,魔杰座
明明就,周杰伦,十二新作
霍元甲,周杰伦,霍元甲
一路向北,周杰伦,J III MP3 Player
告白气球,周杰伦,周杰伦的床边故事
花海,周杰伦,魔杰座
七里香,周杰伦,七里香
夜曲,周杰伦,十一月的萧邦
给我一首歌的时间,周杰伦,魔杰座
稻香,周杰伦,魔杰座
青花瓷,周杰伦,我很忙
晴天,周杰伦,叶惠美
后来的我们,五月天,自传
步步,五月天,步步 自选作品辑 the Best of 1999-2013
突然好想你,五月天,后青春期的诗
你不是真正的快乐,五月天,后青春期的诗
知足,五月天,步步 自选作品辑 the Best of 1999-2013
温柔,五月天,滚石三十青春音乐记事簿-风雨操场
我不愿 让你一个人,五月天,第二人生（明日版）
倔强,五月天,步步 自选作品辑 the Best of 1999-2013
玫瑰少年,五月天,玫瑰少年
干杯,五月天,第二人生（明日版）
离开地球表面,五月天,步步 自选作品辑 the Best of 1999-2013
刻在我心底的名字,五月天,刻在我心底的名字
恋爱ing,五月天,步步 自选作品辑 the Best of 1999-2013
盛夏光年,五月天,步步 自选作品辑 the Best of 1999-2013
伤心的人别听慢歌（贯彻快乐),五月天,步步 自选作品辑 the Best of 1999-2013
私奔到月球,五月天、陈绮贞,离开地球表面 Jump!
因为你 所以我,五月天,因为你 所以我
如果我们不曾相遇,五月天,自传
后来的我们 (Life Live),五月天,五月天 人生无限公司 Life Live 完整收录篇
拥抱,五月天,滚石三十青春音乐记事簿-交换日记
说好不哭 (with 五月天阿信),周杰伦,说好不哭（with 五月天阿信）
知足,五月天,离开地球表面 Jump!
我不愿让你一个人,五月天,真爱找麻烦 电视剧原声带
好好 (想把你写成一首歌),五月天,自传
天使,五月天,为爱而生
如烟,五月天,后青春期的诗
仓颉,五月天,第二人生（明日版）
星空,五月天,第二人生（末日版）
五月天,S.H.E,Play
玫瑰少年 (Live),蔡依林、五月天,
晚婚(Live),李宗盛,既然青春留不住，还是做个大叔好 演唱会巡回影音纪录
领悟(Live),李宗盛,既然青春留不住，还是做个大叔好 演唱会巡回影音纪录
让我欢喜让我忧(Live),李宗盛,既然青春留不住，还是做个大叔好 演唱会巡回影音纪录
山丘(Live),李宗盛,既然青春留不住，还是做个大叔好 演唱会巡回影音纪录
爱的代价(Live),李宗盛,既然青春留不住，还是做个大叔好 演唱会巡回影音纪录
伤心地铁(Live),李宗盛,既然青春留不住，还是做个大叔好 演唱会巡回影音纪录
寂寞难耐(Live),李宗盛,既然青春留不住，还是做个大叔好 演唱会巡回影音纪录
我是真的爱你(Live),李宗盛,既然青春留不住，还是做个大叔好 演唱会巡回影音纪录
问(Live),李宗盛,既然青春留不住，还是做个大叔好 演唱会巡回影音纪录
给自己的歌(Live),李宗盛,既然青春留不住，还是做个大叔好 演唱会巡回影音纪录
生命中的精灵(Live),李宗盛,既然青春留不住，还是做个大叔好 演唱会巡回影音纪录
鬼迷心窍(Live),李宗盛,既然青春留不住，还是做个大叔好 演唱会巡回影音纪录
不必在乎我是谁(Live),李宗盛,既然青春留不住，还是做个大叔好 演唱会巡回影音纪录
凡人歌(Live),李宗盛,既然青春留不住，还是做个大叔好 演唱会巡回影音纪录
漂洋过海来看你(Live),李宗盛,既然青春留不住，还是做个大叔好 演唱会巡回影音纪录
飞(Live),李宗盛,既然青春留不住，还是做个大叔好 演唱会巡回影音纪录
我是一只小小鸟(Live),李宗盛,既然青春留不住，还是做个大叔好 演唱会巡回影音纪录
因为单身的缘故(Live),李宗盛,既然青春留不住，还是做个大叔好 演唱会巡回影音纪录
因为寂寞(Live),李宗盛,既然青春留不住，还是做个大叔好 演唱会巡回影音纪录
梦醒时分(Live),李宗盛,既然青春留不住，还是做个大叔好 演唱会巡回影音纪录
十二楼(Live),李宗盛,既然青春留不住，还是做个大叔好 演唱会巡回影音纪录
你们(Live),李宗盛,既然青春留不住，还是做个大叔好 演唱会巡回影音纪录
一个人(Live),李宗盛,既然青春留不住，还是做个大叔好 演唱会巡回影音纪录
你像个孩子(Live),李宗盛,既然青春留不住，还是做个大叔好 演唱会巡回影音纪录
阿宗三件事((Live),李宗盛,既然青春留不住，还是做个大叔好 演唱会巡回影音纪录
爱情有什么道理(Live),李宗盛,既然青春留不住，还是做个大叔好 演唱会巡回影音纪录
忙与盲(Live),李宗盛,既然青春留不住，还是做个大叔好 演唱会巡回影音纪录
寂寞的恋人(Live),李宗盛,既然青春留不住，还是做个大叔好 演唱会巡回影音纪录
爱你的余温(Live),李宗盛,既然青春留不住，还是做个大叔好 演唱会巡回影音纪录